Position,Name,Team,Value,Salary
C,Batter_57,LAD,68.05348407970814,5438
1B,Batter_54,NYY,82.7119899710024,5639
2B,Batter_162,NYY,75.91161517218777,4467
3B,Batter_200,BAL,73.66136196535837,6127
SS,Batter_124,TOR,89.67874446889287,8392
OF,Batter_189,BAL,77.14636426330944,5466
OF,Batter_132,NYY,60.588323990879864,4272
OF,Batter_138,TOR,66.22610967401363,5388
SP,Pitcher_83,TOR,75.19191097436571,4602
